gRNA_23mer,gRNA_30mer,scores
GCAGCTTTAGTGGTCGACAACGG,GGTTGCAGCTTTAGTGGTCGACAACGGATC,0.38029584541830896
CCAGGGCGTAATGGTAGGAATGG,GTCACCAGGGCGTAATGGTAGGAATGGGAC,0.6305178659726349
CGCGACCGGCTAGATCCAAACGG,AAATCGCGACCGGCTAGATCCAAACGGAGG,0.49003215018695834
CGTGGACGGCCGACAATAGAAGG,GTGACGTGGACGGCCGACAATAGAAGGAAA,0.4832060050837138
GGCCATTGCTAAATGGAGCAAGG,TAAAGGCCATTGCTAAATGGAGCAAGGAGA,0.39068914353024464
ACCCAACTGGTCTTTCACAGCGG,ACCCACCCAACTGGTCTTTCACAGCGGCCT,0.6051456694762015
TGTGGGACCCGAAGATCCCTTGG,TGGTTGTGGGACCCGAAGATCCCTTGGCTT,0.45478708252125133
TCAGGCTGGCGCCACGCTGGTGG,ACGGTCAGGCTGGCGCCACGCTGGTGGTGG,0.5573903973552825
TGCCAAGACCTTGGATCCTAAGG,TGGATGCCAAGACCTTGGATCCTAAGGATT,0.4854418404992544
GGACTCATGCTGACACGCGATGG,TGCGGGACTCATGCTGACACGCGATGGTCC,0.4005843523667571
ATTCCCCTGCAATGGCGCAATGG,CAAGATTCCCCTGCAATGGCGCAATGGAGT,0.5609557777166796
GTTTGATCTCAATCTCATCGAGG,AGCAGTTTGATCTCAATCTCATCGAGGCTG,0.4101228257854271
GCAGCGACTCTCGATACTGGCGG,CCGAGCAGCGACTCTCGATACTGGCGGATG,0.55599984218572
CTTCAAGCAGATGCAATTCCTGG,GTTACTTCAAGCAGATGCAATTCCTGGTTG,0.45164795848290806
ATGTTCATCAGGCTATAGAGAGG,CAGGATGTTCATCAGGCTATAGAGAGGAAG,0.5632375218754817
AAATGAGTTCGCCCTGAAGGTGG,CCGGAAATGAGTTCGCCCTGAAGGTGGTGG,0.47078587653071924
CATCATGTCCTTGGTGCGGCGGG,GTGCCATCATGTCCTTGGTGCGGCGGGGCA,0.3752386095070662
GCAGCACGACTCACGGTCATAGG,TGGAGCAGCACGACTCACGGTCATAGGTGT,0.6617780528929829
CGAGGAGTCCAAGCTGTACATGG,TGCGCGAGGAGTCCAAGCTGTACATGGTGA,0.5239252003808091
AGTGTCCGAGTTGACTATGATGG,GCCGAGTGTCCGAGTTGACTATGATGGATT,0.39926958837499127
AACCATGGGCAAGCGTCTGCAGG,GCCCAACCATGGGCAAGCGTCTGCAGGACA,0.6642948260563009
CCACGAGACCCTCTACCAGAAGG,TGTTCCACGAGACCCTCTACCAGAAGGCCG,0.629553181865264
CAGGATCGACTGGTAGGATGGGG,TCTCCAGGATCGACTGGTAGGATGGGGTGT,0.6772666805747768
CTTCTTGTACTGGGCGCAACGGG,CGTCCTTCTTGTACTGGGCGCAACGGGCGG,0.5760693071255751
GTAGGCACGGCGGTTGTCCTCGG,GACGGTAGGCACGGCGGTTGTCCTCGGTGT,0.3369206882393142
GGTTGGGCCGGACTCATCGGCGG,CCATGGTTGGGCCGGACTCATCGGCGGCGA,0.37774239092553663
GCTCCAACGACAGTGCATTGTGG,TGAGGCTCCAACGACAGTGCATTGTGGTCA,0.630523428447094
AGGAACAGCGAAACGGCCAGCGG,GATCAGGAACAGCGAAACGGCCAGCGGTGG,0.528365222880165
AGGAGGTGCCGGTGGACTCCTGG,GTGGAGGAGGTGCCGGTGGACTCCTGGACA,0.602905085303953
CATGCTATGCCCGTACGATAAGG,ACAACATGCTATGCCCGTACGATAAGGAAA,0.45518777147731326
CGCAGGTTACATTCAAGTCCCGG,ACCTCGCAGGTTACATTCAAGTCCCGGCCG,0.46388154706036855
GCAATAGCGCCGGGACGGGCGGG,AGGGGCAATAGCGCCGGGACGGGCGGGGGC,0.526514317606666
CATCCCGACCAAAATTTCCAAGG,TGTCCATCCCGACCAAAATTTCCAAGGGAA,0.41470662865259117
CCGGCGCAGAACACCGGCTTGGG,CATCCCGGCGCAGAACACCGGCTTGGGACC,0.6345779285107869
AAGCTGCTACCCCACATCAAGGG,GGAGAAGCTGCTACCCCACATCAAGGGCAA,0.4400467161988801
GGACTGGCCGTCGTGCTTATGGG,GCGTGGACTGGCCGTCGTGCTTATGGGCAA,0.44147615553935665
CCGTACCAGCCTGCGTGGACTGG,ACATCCGTACCAGCCTGCGTGGACTGGCCG,0.6531379033020712
AGTCGCGTGGCAGCTCCGTCGGG,GCCAAGTCGCGTGGCAGCTCCGTCGGGCAT,0.456438152654451
TTACTCCTGGAGATCTCGCAAGG,TCGGTTACTCCTGGAGATCTCGCAAGGGCA,0.34913782725363085
CCATTGGGATACGACAAGTTCGG,GGCTCCATTGGGATACGACAAGTTCGGTTA,0.5517144820763791
CTTGGCTGGGGCCGGGAGTACGG,GCGACTTGGCTGGGGCCGGGAGTACGGCAA,0.419813147826878
ACCATCGAAGAGATGCCCGACGG,GGTCACCATCGAAGAGATGCCCGACGGAGC,0.49632204452390605
CCGGGGATGCTGGTACTTTGAGG,TGAACCGGGGATGCTGGTACTTTGAGGTCA,0.8702742747795538
CTACATGAACTCCGGCCCCGTGG,TGAACTACATGAACTCCGGCCCCGTGGTGC,0.5948499411372254
GTGGTGCCCATGGTGTGGGAGGG,CCCCGTGGTGCCCATGGTGTGGGAGGGTCT,0.5477045480268807
GGTCGCCCTGAAGTTCACCTGGG,AGCTGGTCGCCCTGAAGTTCACCTGGGTAA,0.37369756546568367
AAGTCACCGCGGATGGTGCCGGG,GCAGAAGTCACCGCGGATGGTGCCGGGCAG,0.40832932088417473
GTGCCGGGCAGCGAGTCGGCGGG,GATGGTGCCGGGCAGCGAGTCGGCGGGGTT,0.3684464918180619
GGTTGGTGGCGCCGAGCATCTGG,GCGGGGTTGGTGGCGCCGAGCATCTGGCGA,0.4132664622711083
TTCACGAGTCCGGGGAAGAAGGG,GTAGTTCACGAGTCCGGGGAAGAAGGGGCG,0.5365699818502474
CAGTCCGTGCTGTTAACCCACGG,CACACAGTCCGTGCTGTTAACCCACGGAGA,0.507134991711501
GAAGGCTACACGTTCCTTAAAGG,AAAAGAAGGCTACACGTTCCTTAAAGGCAC,0.3330112777137397
ACCCAACTCAGTCTACGCTGAGG,GCGGACCCAACTCAGTCTACGCTGAGGATG,0.571047256239201
AATGAAGTACTACGCATCTACGG,TTACAATGAAGTACTACGCATCTACGGCGT,0.5022913204252173
CCTCTCAACGCTATCTCCGTGGG,CTACCCTCTCAACGCTATCTCCGTGGGTTA,0.36759936456582154
CGAAGAGTTCGCGTACCTTACGG,TCAACGAAGAGTTCGCGTACCTTACGGTCG,0.46346202738003456
ATCAACGAGGTTGATGCCGACGG,CATGATCAACGAGGTTGATGCCGACGGTAA,0.4273559984433193
GGGCACAGTTATGCGCTCCCTGG,AGTTGGGCACAGTTATGCGCTCCCTGGGCC,0.5219916331387974
TCGGATCTCCTCTTCGCTATCGG,CTTCTCGGATCTCCTCTTCGCTATCGGTGT,0.4971956440913231
GCGTCACGTGATGACAAATCTGG,AGTTGCGTCACGTGATGACAAATCTGGGCG,0.4172526386902543
GGATGGCAACGGCTTCATCTCGG,ACAAGGATGGCAACGGCTTCATCTCGGCGG,0.33131796858601026
GCTCGGCCTCTGTGGGATTCTGG,TGCAGCTCGGCCTCTGTGGGATTCTGGCCC,0.6183223159599349
AGCCTTCAGAGTGTTCGACAAGG,GAGAAGCCTTCAGAGTGTTCGACAAGGATG,0.45511532224447454
CCCTGAATTCCTTACCATGATGG,ACTTCCCTGAATTCCTTACCATGATGGCAC,0.5531644823243234
AGTCAGCCCATGCTGCCATTGGG,TGAAAGTCAGCCCATGCTGCCATTGGGTGC,0.5765192341825986
TCGGTCATGTCGGACTGCAGTGG,CTGCTCGGTCATGTCGGACTGCAGTGGATT,0.4447098291642047
ATGAGCAGGTACCCAACTATCGG,TTAAATGAGCAGGTACCCAACTATCGGCAA,0.5770379396492556
TGGTGGTGACGCGACGATTTTGG,GGTATGGTGGTGACGCGACGATTTTGGTGT,0.574727439871847
CGAAATAGGCGCCATCGGTATGG,GTGCCGAAATAGGCGCCATCGGTATGGTGG,0.5523988961668937
TGCACCATGAAGAGCATGTGTGG,GGGATGCACCATGAAGAGCATGTGTGGAAA,0.5388745577372857
TGACTTTCACAGTAGACACGTGG,GGGCTGACTTTCACAGTAGACACGTGGACA,0.529121012367014
GTGGCCGGCGATGCACGCCTTGG,CGTCGTGGCCGGCGATGCACGCCTTGGTCA,0.55228894904926
TGGTCACGCACTGCGAGGCCAGG,GCCTTGGTCACGCACTGCGAGGCCAGGAGT,0.36956945363729865
GGCGAGTGTCACGCCGTTGCTGG,GGCCGGCGAGTGTCACGCCGTTGCTGGTGA,0.4711780499143313
TTATGTGGACAACCAACTCCTGG,AAGATTATGTGGACAACCAACTCCTGGCCT,0.7689967683801736
CCGGCCACGACGGCAACATTTGG,ATCGCCGGCCACGACGGCAACATTTGGGCG,0.4475400045159692
GGCGCAGTCCAGTGGCTTTGAGG,TTTGGGCGCAGTCCAGTGGCTTTGAGGTGA,0.4608082755747314
CTGGTGCCCCTACTGCGTCAAGG,AGAGCTGGTGCCCCTACTGCGTCAAGGGTG,0.4723428756250391
CAACTCGCACTTCGTGCATGTGG,CGGGCAACTCGCACTTCGTGCATGTGGATG,0.4279631293295106
GATGCGCTGAAGAAGGCCCCGGG,ACACGATGCGCTGAAGAAGGCCCCGGGCAA,0.300837578221187
GTGGTCACACACAACGTCAAGGG,CATGGTGGTCACACACAACGTCAAGGGATA,0.5122186864494601
CTCCAGTTCCTCCATCTTTTTGG,CGTTCTCCAGTTCCTCCATCTTTTTGGTGA,0.6808063088160907
CGTCCTTGCCGCCACTGAAGAGG,TTCTCGTCCTTGCCGCCACTGAAGAGGACG,0.45769836861920665
AGCGCAATGACCTTGCTAGCTGG,TTTGAGCGCAATGACCTTGCTAGCTGGATT,0.41233092631582197
CAGCACGCTCACGATGGAATCGG,CATTCAGCACGCTCACGATGGAATCGGATA,0.5025970457720929
CAACAGGTGCAGACACCAGCTGG,TTTCCAACAGGTGCAGACACCAGCTGGCTC,0.5253648017344031
AAGCATAACCGTCCCGCCGAGGG,CCTCAAGCATAACCGTCCCGCCGAGGGTGC,0.5994031006546356
GCGCGTCTGGAGGGCACCCTCGG,GCAGGCGCGTCTGGAGGGCACCCTCGGCGG,0.2911310164827644
GGCGGAGTCGTGGAGCCAGCTGG,CAGCGGCGGAGTCGTGGAGCCAGCTGGTGT,0.41247301570035166
GATGCTGCGTGTGTAACATCAGG,GGCAGATGCTGCGTGTGTAACATCAGGAGT,0.4108813683388919
TGCAGTTCAACGTTGCCTTTTGG,TCGATGCAGTTCAACGTTGCCTTTTGGTCC,0.4294699990077821
GCCAAAACCCGTGCTCGTAAAGG,CACAGCCAAAACCCGTGCTCGTAAAGGCCG,0.5611207242371679
GGGATGGGCCATCATTGAGCTGG,ATAAGGGATGGGCCATCATTGAGCTGGTAA,0.611778879933031
CAACACGCGTCAGAGTCACCTGG,ATGTCAACACGCGTCAGAGTCACCTGGCTC,0.35696683782602967
ATTCAACGCCACACGAATCACGG,AGCCATTCAACGCCACACGAATCACGGCGG,0.5522552354007803
CAAGACCGGAACGCTGCGATCGG,TGCACAAGACCGGAACGCTGCGATCGGACC,0.36928333575509986
TTCCACCCGGGCATTGATGCCGG,GCTGTTCCACCCGGGCATTGATGCCGGCCG,0.3913936342446652
GCTCCGCTTGTGCTTGCTCAGGG,ATTCGCTCCGCTTGTGCTTGCTCAGGGAGT,0.41442796243928504
GGTGAGCAGACAGCCCTGGGTGG,GCTGGGTGAGCAGACAGCCCTGGGTGGCGA,0.42367724408575774
